{"cameraMode":{"drawMode":0,"name":"Shaded","section":"Shading Mode"},"sceneLighting":false,"audioPlay":false,"sceneViewState":{"m_AlwaysRefresh":false,"showFog":true,"showSkybox":false,"showFlares":true,"showImageEffects":true,"showParticleSystems":true,"showVisualEffectGraphs":true,"m_FxEnabled":true},"in2DMode":false,"pivot":{"x":-191.35995483398438,"y":-0.6924623847007752,"z":-37.013214111328128},"rotation":{"x":0.057149991393089297,"y":-0.1206570714712143,"z":0.006968568544834852,"w":0.9911146759986877},"size":1.611883521080017,"orthographic":true}